color,count,mean,median
G,2120,-5.68408141053261,-6.32899122153209
E,1873,-4.398570789874044,-4.64162849651142
F,1746,-4.928178257186076,-5.11517380045075
H,1506,-4.341735920344031,-4.6317166259768
D,1246,-4.566780204029838,-5.240807238017535
I,983,-5.455438711121231,-6.05843723816048
J,526,-6.284944695350446,-6.610097009975631
